id,name,job,start_date,salary,email,phone,address,age
5700,Gregory Foley,Security Guard,2020-12-29,10729,emedina@example.com,515.649.6684x9947,"12059 Arnold Neck
Port Jamesland, ID 79529",31
5869,Kelli Mcdaniel,Teacher,2023-10-18,11627,ywilliams@example.com,(819)334-5608x754,"387 Harris Points Suite 806
East Frederickfort, MO 75041",18
11005,Benjamin Bowman,Security Guard,2020-12-21,8484,sherri53@example.org,607-533-4900,"085 Stevenson Streets
East Linda, DE 27958",43
10884,Thomas Hall,Security Guard,2019-12-01,12892,tramirez@example.com,+1-833-427-7684x20918,"2956 Fisher Locks Suite 785
Sandyland, WI 03516",41
3924,Sue Burton,Financial,2021-07-25,17211,bwilliams@example.net,001-972-623-5806,"PSC 0279, Box 4753
APO AP 98451",63
18061,Christopher Moss,ADMIN,2022-02-08,10502,simmonsjoseph@example.org,001-234-949-5292x1926,"938 Hicks Isle Apt. 477
East Scottland, MH 58606",22
5585,Erin Washington,Security Guard,2022-04-07,4232,dunnpamela@example.org,459-512-0012x621,"532 Shannon Route Apt. 997
Hernandezburgh, IL 14157",65
4540,Mr. Keith Williams MD,Teacher,2019-11-12,12141,stephen32@example.com,383-837-6424,"969 Eric Parks
Lake Tina, MO 65836",61
3467,Brittany Phillips,Financial,2022-06-27,3788,wrightjodi@example.org,+1-436-993-6742,"5208 Castaneda Points Suite 807
West Steve, VA 94446",24
14498,Linda Page,Security Guard,2022-06-03,3495,tracychen@example.net,889.304.6607,"6500 Gonzalez Cove
Monicamouth, WA 16134",51
6136,Alan Evans,Teacher,2021-12-08,19244,brent78@example.net,647.689.1659x2818,"987 Cameron Parks Suite 937
Port Michael, DE 12399",65
19337,Briana Baker,Financial,2021-11-24,5155,christophersmith@example.com,(687)787-1741,"2345 Johnson Turnpike Apt. 816
New Anthonyport, NJ 27810",26
5288,Pamela Bryant,Financial,2019-12-02,16077,charlesbaird@example.com,292.308.5552x0698,"1722 Hernandez Corners Suite 007
South Matthew, TX 58536",49
16118,Renee Miller,Teacher,2023-08-13,9642,amoreno@example.org,725.471.2140x6793,"8983 Little Lock
Morganmouth, MA 80672",52
18221,Justin Wright,Teacher,2021-11-25,4266,johnlowe@example.net,874-412-9338,"47410 Collins Locks Apt. 618
South Dominicfort, UT 62463",33
9676,Daniel Rose,Security Guard,2022-12-03,6895,thomasdawn@example.com,339.671.5524,"34044 Webster Lane Apt. 773
Port Carolineview, TX 65856",32
5316,Anthony Griffin,ADMIN,2021-07-11,5999,megan93@example.com,(467)424-8504x93506,"6966 Watson Squares Suite 093
Debraport, WA 02975",36
11075,Michael Knight,Teacher,2022-12-16,7589,guerrerorobert@example.net,474.371.9164,"8012 Martin Dam Apt. 558
Aaronhaven, WY 11586",39
7204,Ann Graham,Teacher,2021-02-24,8179,mary87@example.net,(392)736-0382x897,"PSC 7877, Box 4152
APO AP 16681",36
6954,Kelly Roth,Security Guard,2020-04-23,13342,warrenwilliam@example.net,783-978-6627x326,"9689 Jason Streets
New Deanborough, MH 15768",45
6322,Michael Garcia,ADMIN,2023-08-01,8649,edouglas@example.net,+1-956-584-9229x70569,"85472 Whitney Garden Apt. 471
Branditown, NJ 91360",26
9653,Jeremy Vance,Teacher,2022-07-12,8016,danielle39@example.com,001-960-706-9187x3099,"530 Christine Mews
Cooperport, AR 43740",57
15926,Michael Foster,ADMIN,2020-07-20,5472,janet36@example.org,707-740-4928x7836,"998 Jesse Road
Robinsonfurt, MI 34553",25
3641,Carol Burch,Teacher,2023-01-04,16891,kristinwilliams@example.org,915-356-5619,"2159 Alvarado Mills
New Aaron, PR 77274",35
14872,Randy Kelly,Security Guard,2024-04-02,16438,elizabeth31@example.org,8629582409,"1613 David Lane Suite 643
South Carrie, SC 65065",49
10707,Veronica Myers,ADMIN,2023-08-05,3973,melissa95@example.net,325-892-2501x48403,"3685 Mike Crescent
Andrewtown, MD 40510",42
9710,Frank King,Financial,2020-02-28,16704,ggallagher@example.org,(816)536-0319x124,"217 Murphy Square Apt. 463
Woodstad, VI 21953",51
17517,Daniel Blanchard,Security Guard,2023-04-26,6588,robinsonandrew@example.net,549-367-4739x47344,"386 Derrick Summit Suite 014
New Jessica, FL 39170",49
10650,Brian Harris,ADMIN,2023-09-03,15518,amymccall@example.com,260-430-7953x38484,"085 Liu Village Apt. 887
Smithland, MH 16128",45
19417,Madison Black DDS,Financial,2024-05-07,19295,tbass@example.org,246-470-9173x422,"6231 James Ways Suite 796
East Jeffrey, AR 03864",55
10530,Renee Watson DVM,Teacher,2020-12-09,16703,pattersonjasmin@example.com,485.307.6426,"9270 Jermaine Corners Apt. 857
Port Nicholas, ID 39018",42
13541,Geoffrey Johnson,ADMIN,2021-09-13,17935,johnsontammy@example.net,345.657.6503x5085,"52775 Howell Passage Suite 324
Chelseastad, MP 50876",52
10279,Christina Hood,Teacher,2022-08-22,9491,rachelmckenzie@example.net,(344)576-7807x572,"955 Becker Alley Suite 915
Jimenezbury, HI 05018",56
5761,Lisa Andrade,Financial,2023-08-28,6677,marcberry@example.org,+1-919-246-2817x922,"Unit 3217 Box 2964
DPO AE 90489",29
14469,Mark Adams,Security Guard,2020-05-24,10451,yleon@example.net,595-564-6852x458,"6097 Coleman Road
South Marcberg, NM 16105",37
14675,Yvonne Hall,ADMIN,2020-02-24,3402,ywatts@example.net,(631)834-9752x8505,"315 Black Grove
North Trevor, AS 90320",51
12627,Angela Parker,Teacher,2023-06-05,12480,robin58@example.org,816-493-0195,"7965 Molly Corner
North Elizabethmouth, SC 57470",41
6292,Phillip Stewart,ADMIN,2019-08-18,12355,eric27@example.com,(767)634-3561x84796,"813 Anne Green
West Rogerville, NV 94188",65
5074,Elizabeth Nolan,Security Guard,2024-04-03,12620,marie80@example.net,758-968-1890x8897,"PSC 0579, Box 1584
APO AA 35144",62
14003,Michael Davidson,Teacher,2022-12-07,18339,gbrown@example.com,456-847-5123,"32585 Alvarez Locks Suite 207
Cynthiastad, IA 36771",19
18854,Jennifer Gay,Security Guard,2020-08-09,6300,bgates@example.com,+1-892-636-4687,"0306 Garcia Point
West Marvin, NV 98264",49
4260,Carla Houston,Security Guard,2020-09-28,3665,katherine33@example.org,647.597.1606x1176,"8234 Andrea Glen
Cookmouth, DE 41257",22
18120,Joyce Rodriguez,ADMIN,2022-03-09,15219,pbrown@example.com,(714)495-4676x6532,"3189 Cohen Crescent
Rodriguezburgh, VA 65476",24
6592,Kevin Mills,Financial,2024-03-29,17893,justin77@example.com,001-687-210-9218x61371,"6543 Tina Cove
Bradleyside, OH 86775",29
5448,Latasha Wood,Security Guard,2022-10-25,10518,sandra79@example.com,001-748-626-7664x404,"6840 Stokes Motorway Suite 371
Millerfort, FM 72728",30
11262,Katie Jones,Financial,2023-05-18,15707,higginsbrian@example.com,+1-873-918-0854x2817,"4958 Torres Radial Apt. 868
Grayfort, GA 70501",41
13664,Sara Patrick,Security Guard,2023-06-11,9731,taylorlaura@example.org,(803)277-0271x7713,"93591 Linda Rue Apt. 167
East David, AR 99044",63
7214,Charles Hodge,ADMIN,2022-03-15,12500,whitneyparker@example.com,(917)402-5911,"9146 Mills Cove Suite 201
North Gregoryberg, CT 26461",62
17693,Jake Franklin,Security Guard,2023-12-08,11238,jenkinscarl@example.net,679-344-6551x742,"268 Ball Causeway Apt. 129
Roberthaven, MD 88852",40
6390,Ryan Black,Financial,2021-09-17,13539,hmerritt@example.org,(820)272-4315x076,"0931 Rice Run
West Jennifer, HI 03415",51
5120,Dylan Powell,ADMIN,2023-08-17,6262,ijohnson@example.net,884.579.4997x046,"048 Kathryn Common
West Stacey, MO 33782",47
16687,Alexis Cruz,ADMIN,2022-04-19,6857,krista33@example.org,+1-688-918-8026x80706,"300 Garcia Road Apt. 591
Sandovalport, OR 72837",64
12555,Allison Baker,ADMIN,2019-10-25,5438,jessicasimmons@example.org,+1-947-883-2417x293,"249 Holder Fall Suite 021
Anthonyland, GU 76374",42
14235,Angela Brown,ADMIN,2023-08-27,9956,vdavis@example.net,(977)985-1178x3610,"1064 Mason Crossing
Lake Tyler, ID 44737",27
19260,Linda Ward,Financial,2020-03-11,17387,aliciaflores@example.net,001-755-428-2667x358,"0229 Jones Isle Suite 832
Joechester, AK 08557",56
5319,Kathryn Tran,Financial,2020-08-15,3101,kmitchell@example.com,842-663-5395x12575,"5589 Shawna Ford Suite 138
South Glenn, RI 22521",56
8414,Jonathan Cortez,Security Guard,2020-06-23,6369,samueltucker@example.net,374.856.8672x145,"47707 Fuentes Valleys Apt. 933
Rosebury, WI 94505",54
11812,Tara Swanson,Financial,2024-03-20,10374,jennifer07@example.net,959-803-0072x14287,"2981 Adam River Apt. 557
South Troyshire, SD 55010",29
15149,Charles Roberts,Financial,2023-09-14,16799,jessicacarlson@example.net,462-334-7911x9836,"0416 Edwards Road Suite 473
Brownstad, MA 17449",42
6912,Colleen Smith,Financial,2024-05-20,7012,dmartin@example.com,+1-788-829-3343x08334,"841 Joseph Glens Suite 799
Mitchellhaven, WV 64029",31
13381,Michael Hamilton,ADMIN,2019-07-29,10930,ckelly@example.net,283.819.0708,"834 Brown Drive Apt. 618
Lake Victoriaton, OK 59363",26
15577,Jose Woods,ADMIN,2020-10-18,6969,jonesmargaret@example.org,001-236-662-0601x1438,"822 Christopher Point
Webershire, AZ 03607",40
15716,Antonio Brown,Financial,2019-10-14,3598,aprilbarron@example.net,001-306-733-2995,"930 Bennett Springs Apt. 118
North Elijah, DE 53037",29
11520,Mario Russell,Financial,2023-09-27,12027,toddho@example.net,(201)594-7540x165,"3593 Joshua Throughway
Wilsonfort, MS 74049",28
11140,Andrew Rosales,ADMIN,2022-06-09,9258,bushcharles@example.net,001-924-821-9017x209,"0115 Michael Club
Joshuaton, NC 78785",38
8573,Kevin Barton,ADMIN,2022-10-17,4601,jaredmcdowell@example.net,6735084601,"0065 Drake Trace
Lake Katrinatown, AZ 83024",20
3863,Samantha Robles,Security Guard,2021-12-12,9040,reginahenderson@example.com,+1-757-634-7998x286,"90500 Cole Mews
Lake Tiffanymouth, VT 01443",42
16367,Caleb Wright,Teacher,2020-10-28,11718,bhernandez@example.com,763.646.0459x1021,"858 Michelle Ferry Apt. 684
Lawrenceshire, MA 26405",55
13421,Alexandra Hernandez,Teacher,2024-03-08,5218,millercody@example.com,362-211-7870,"0498 Devin Street Suite 752
South Danielle, FL 56348",29
15351,Jennifer Burke,Financial,2023-02-24,10619,mgarcia@example.org,3419466109,"143 White Islands
Lake Johnnyburgh, FM 28012",37
18140,Monique Hernandez,ADMIN,2019-09-21,11232,jamespruitt@example.org,694.996.9826,"70117 Amy Lake Apt. 776
Lake Marc, MO 83076",30
9170,Wayne Brown,Security Guard,2021-07-24,5471,amyrodriguez@example.net,5393189185,"Unit 9557 Box 4234
DPO AA 84541",45
5143,Phillip Walker,Security Guard,2021-12-29,10419,crystal23@example.com,604.925.6114x6558,"5173 Tyler Rapids Suite 679
Campbellton, CT 21724",21
13254,David Thompson,ADMIN,2022-01-17,16531,rbrewer@example.com,+1-269-766-7572x9319,"949 Robertson Fall Suite 891
Chungmouth, MO 15051",51
18219,Erica Peterson DVM,Security Guard,2022-12-17,12352,christian67@example.net,748.917.3634x24912,"4316 Barrett Path Apt. 494
Adamston, OH 10284",30
9863,Michelle White,ADMIN,2023-04-10,15320,matthew76@example.com,+1-892-246-0160x077,"505 Stone Glens
Dawnfort, PA 55089",27
6630,Elizabeth Goodwin,Teacher,2022-01-01,13392,lberger@example.com,532.542.5469x5417,"58576 Herrera Cape
Teresaville, AZ 29315",23
5040,Rachel Parsons,ADMIN,2021-08-28,5374,melindawilson@example.net,(219)538-1503x47414,"70790 Keith Extension Suite 167
Lake Kimberlymouth, IA 98869",51
12275,David Berry,Security Guard,2022-01-25,17600,pearsonjorge@example.org,+1-472-529-7464,"26896 Middleton Grove Suite 645
East Mary, NE 33329",40
17838,David Wilson,ADMIN,2024-03-05,7951,avilagregory@example.net,5946071753,"678 Jackson Bridge
Port Jerrymouth, LA 33704",49
12444,Rachel Owen,Financial,2019-12-26,3514,ricardo50@example.com,(467)685-9313x3466,"79662 Pamela Tunnel Suite 355
Hillmouth, GU 95717",49
12845,Richard Rivera,Teacher,2023-02-09,17054,susanbright@example.org,206.765.0265x84231,"29131 Carolyn Avenue
West Ashleyside, DC 29481",27
12749,Rebecca Hernandez,Teacher,2021-01-17,15706,aaronhunt@example.net,+1-820-872-5837x38847,"64650 Shelton Landing Apt. 547
Lake Tina, VA 41430",39
13814,Kimberly Henderson,Teacher,2024-04-20,17190,vaughanpeter@example.org,001-303-727-3791x5639,"21802 Mclean Isle
Carolynhaven, FM 61573",34
13537,David Collins,Teacher,2019-08-06,15010,christine47@example.org,001-796-788-2329x66741,"Unit 8873 Box 0040
DPO AA 76608",32
13981,Sean Yoder,Teacher,2020-06-27,8714,abigail48@example.com,001-617-484-3135x78489,"4767 Tran Track
Karenfurt, SC 23504",42
17674,Matthew Mann,Security Guard,2022-03-29,10403,donald81@example.com,001-593-928-1334x11076,"0532 Lee Bypass
Hopkinsfort, IN 04031",56
17231,Jonathan Butler,ADMIN,2024-05-29,8582,kjackson@example.net,+1-886-910-4663x68638,"69400 Stephanie Passage
West Michaelchester, VT 53661",51
18213,Michael Harris,Teacher,2024-05-25,3068,daniel81@example.org,001-339-875-3636,"42437 Alvarado Hills Suite 373
Ronaldborough, WA 56595",26
19782,Jill Jackson,Security Guard,2023-07-13,17480,bailey35@example.net,001-756-390-3923,"1627 David Island Suite 447
Amberfurt, MS 01529",65
19608,Shane Lee,Security Guard,2020-12-13,5709,bradykarla@example.org,001-951-911-6421x2865,"68621 Pugh Inlet
Alyssaton, NH 52031",43
9116,Deborah Stevenson,Teacher,2024-01-26,3256,pamela05@example.com,+1-789-779-3883x82776,"6891 Campbell Row
Blankenshipmouth, KY 63811",41
12680,Gina Hernandez PhD,Financial,2020-07-18,13813,nancyvillarreal@example.org,759.963.7634x611,"46377 Jimmy Parkway Suite 402
Osborneton, PW 96857",32
5509,Megan Bradley,Financial,2024-04-25,9865,hyoung@example.org,2822102456,"USNS Odom
FPO AE 79711",30
9581,Jenna Miles,Security Guard,2023-07-27,10518,james46@example.net,(222)740-9718x8527,"2455 Hunt Port
Port Erik, NC 94040",53
7742,Claire Simon,Teacher,2023-01-15,12252,gallowayjeffrey@example.com,001-527-936-1152,"188 Phillip Meadow
New Shelleyborough, IN 26581",54
8523,Timothy Hanna,ADMIN,2021-11-04,15121,yweber@example.org,3337902498,"06859 Bradley Mission
New Michael, AS 06615",44
10946,William Gay,Teacher,2021-04-06,10169,kingelizabeth@example.net,333.456.0779x746,"3001 Dawn Harbor Apt. 018
Port Shawn, CA 42985",52
13419,Mary Bailey,Teacher,2019-10-28,13328,rodriguezcarol@example.com,(735)271-7817x059,"55206 Katherine Via Suite 710
East Melanie, VI 15048",31
10664,Devin Randolph,Teacher,2022-07-07,3913,qmack@example.com,670-492-5726,"PSC 7121, Box 2944
APO AP 35833",32
